job_id,dataset,model,reciprocal,job,job_type,split,epoch,avg_loss,avg_penalty,avg_cost,metric_name,metric,child_folder,child_job_id,train.batch_size,train.type,train.optimizer,train.loss,train.optimizer_args.lr,train.lr_scheduler_args.patience,lookup_embedder.dim,lookup_embedder.regularize,lookup_embedder.regularize_args.weighted,distmult.entity_embedder.regularize_weight,distmult.relation_embedder.regularize_weight,distmult.entity_embedder.dropout,distmult.relation_embedder.dropout
dc28e640,/bp1/mrcieu1/users/fu19841/kge/data/non-naive,distmult,0,search,negative_sampling,valid,55,,,,mean_reciprocal_rank_filtered_with_test,0.0422720008621791,0,fcf4117c,512,negative_sampling,Adamax,kl,0.0033191818579780515,9,64,lp,False,2.291955701264697e-13,2.042348182011728e-13,0.42711868695914745,0.10019855201244354
dc28e640,/bp1/mrcieu1/users/fu19841/kge/data/non-naive,distmult,0,search,1vsAll,valid,55,,,,mean_reciprocal_rank_filtered_with_test,0.0431531254701155,1,483fd75c,256,1vsAll,AdamW,se,0.0006656776610925722,4,32,lp,True,8.595111818371843e-17,0.0032211805511770703,0.3128610975109041,0.3342108796350658
dc28e640,/bp1/mrcieu1/users/fu19841/kge/data/non-naive,distmult,0,search,negative_sampling,valid,35,,,,mean_reciprocal_rank_filtered_with_test,0.0052274800786909,2,0416ea9e,128,negative_sampling,Adam,bce,0.02465207596943842,8,256,lp,False,3.735250792002936e-08,1.1146688433763332e-17,0.06717623537406325,0.17905125161632895
dc28e640,/bp1/mrcieu1/users/fu19841/kge/data/non-naive,distmult,0,search,1vsAll,valid,10,,,,mean_reciprocal_rank_filtered_with_test,0.0021752405285232,3,c994b69c,128,1vsAll,RMSprop,se,0.055299415137681156,10,256,lp,True,5.4203518168381357e-11,3.165705933953658e-20,0.29662754526361823,0.008682558313012123
dc28e640,/bp1/mrcieu1/users/fu19841/kge/data/non-naive,distmult,0,search,negative_sampling,valid,55,,,,mean_reciprocal_rank_filtered_with_test,0.00837200396301,4,1605e208,256,negative_sampling,Adadelta,kl,0.001694960518225662,6,64,,False,2.0864599112694384e-18,3.73062793547692e-06,0.04214599123224616,0.47805122658610344
dc28e640,/bp1/mrcieu1/users/fu19841/kge/data/non-naive,distmult,0,search,1vsAll,valid,55,,,,mean_reciprocal_rank_filtered_with_test,0.0403780387820889,5,3f8973c4,512,1vsAll,AdamW,bce,0.007213131414540305,7,32,lp,True,2.808642918575389e-15,5.953271720257439e-15,0.21695090271532536,0.21206405339762568
dc28e640,/bp1/mrcieu1/users/fu19841/kge/data/non-naive,distmult,0,search,KvsAll,valid,35,,,,mean_reciprocal_rank_filtered_with_test,0.0403132489649729,6,089c9c7f,128,KvsAll,Adadelta,se,0.7369787382966139,3,128,lp,False,6.497012832546082e-05,4.2075083747695147e-10,0.4636194799095392,0.30495083099231124
dc28e640,/bp1/mrcieu1/users/fu19841/kge/data/non-naive,distmult,0,search,1vsAll,valid,20,,,,mean_reciprocal_rank_filtered_with_test,0.0380762313035674,7,ae7b3567,128,1vsAll,RMSprop,bce,0.01193626155893054,6,64,,True,0.0007012733845787509,4.6606330748697195e-17,0.25522487377747893,0.35589822102338076
dc28e640,/bp1/mrcieu1/users/fu19841/kge/data/non-naive,distmult,0,search,KvsAll,valid,55,,,,mean_reciprocal_rank_filtered_with_test,0.0433291813432889,8,59b1c688,512,KvsAll,Adadelta,se,0.44250026699624484,10,512,lp,False,2.4977564401711624e-11,0.011863973654194377,0.001765658613294363,0.13776688557118177
dc28e640,/bp1/mrcieu1/users/fu19841/kge/data/non-naive,distmult,0,search,KvsAll,valid,35,,,,mean_reciprocal_rank_filtered_with_test,0.0404708785610289,9,ffb7be44,512,KvsAll,AdamW,kl,0.09205739879774685,3,256,lp,True,1.0518909510867686e-17,1.1567795842813606e-11,0.23907057009637356,0.4352562469430268
dc28e640,/bp1/mrcieu1/users/fu19841/kge/data/non-naive,distmult,0,search,KvsAll,valid,15,,,,mean_reciprocal_rank_filtered_with_test,0.0410245765160132,10,a6e4ba09,128,KvsAll,Adam,kl,0.0010237289055939536,7,32,lp,False,2.629928811960582e-07,5.340814581834212e-07,0.4847168084233999,0.09064302081242204
dc28e640,/bp1/mrcieu1/users/fu19841/kge/data/non-naive,distmult,0,search,KvsAll,valid,55,,,,mean_reciprocal_rank_filtered_with_test,0.0521029831989704,11,948d2cf8,128,KvsAll,RMSprop,kl,0.00040207254810485204,9,128,lp,True,5.877068153412984e-09,1.6878534940305897e-09,0.15154795534908772,0.22209412697702646
dc28e640,/bp1/mrcieu1/users/fu19841/kge/data/non-naive,distmult,0,search,1vsAll,valid,45,,,,mean_reciprocal_rank_filtered_with_test,0.0261923049033184,12,daca41b8,256,1vsAll,Adamax,se,0.04103741021304194,5,512,,False,1.6582054113114452e-20,2.2852339033083422e-14,0.40597562678158283,0.2520101508125663
dc28e640,/bp1/mrcieu1/users/fu19841/kge/data/non-naive,distmult,0,search,1vsAll,valid,15,,,,mean_reciprocal_rank_filtered_with_test,0.0298866990035352,13,2ce9eb44,512,1vsAll,Adam,bce,0.17937188077508687,8,256,lp,True,1.987610908101966e-14,0.00022082706335094338,0.35421803733333945,0.049499057698994875
dc28e640,/bp1/mrcieu1/users/fu19841/kge/data/non-naive,distmult,0,search,KvsAll,valid,55,,,,mean_reciprocal_rank_filtered_with_test,0.0376755302131053,14,e9c53814,256,KvsAll,Adamax,kl,0.005492761069663686,4,64,lp,False,7.91083443976364e-06,1.9530596146796054e-18,0.10760238906368613,0.45683944085612893
dc28e640,/bp1/mrcieu1/users/fu19841/kge/data/non-naive,distmult,0,search,KvsAll,valid,15,,,,mean_reciprocal_rank_filtered_with_test,0.0043661758941662,15,ec4c3e72,256,KvsAll,AdamW,bce,0.9175604600023761,8,128,,False,1.6631579782432901e-06,3.743846414438223e-05,0.1095736506395042,0.23439195612445474
dc28e640,/bp1/mrcieu1/users/fu19841/kge/data/non-naive,distmult,0,search,negative_sampling,valid,55,,,,mean_reciprocal_rank_filtered_with_test,0.0313964059888604,16,a48cafc3,512,negative_sampling,RMSprop,se,0.010202611496469872,4,512,lp,True,4.687461997418687e-18,2.683228495719375e-19,0.3639045241288841,0.2669912506826222
dc28e640,/bp1/mrcieu1/users/fu19841/kge/data/non-naive,distmult,0,search,1vsAll,valid,45,,,,mean_reciprocal_rank_filtered_with_test,0.0653055395523057,17,23f352a0,256,1vsAll,Adamax,kl,0.0021185856924469003,9,256,lp,False,5.566397679138359e-12,3.0020232989902728e-09,0.37659958004951477,0.032986476086080074
dc28e640,/bp1/mrcieu1/users/fu19841/kge/data/non-naive,distmult,0,search,negative_sampling,valid,55,,,,mean_reciprocal_rank_filtered_with_test,0.0201572765263687,18,694aae53,128,negative_sampling,Adadelta,bce,0.07853109216633376,5,32,lp,True,0.0022119448835023706,3.582745354686257e-14,0.1300816833972931,0.4381308937445283
dc28e640,/bp1/mrcieu1/users/fu19841/kge/data/non-naive,distmult,0,search,1vsAll,valid,55,,,,mean_reciprocal_rank_filtered_with_test,0.0414376141157293,19,e0098ca5,128,1vsAll,Adam,kl,0.01743467348372102,3,64,lp,False,3.4869168534473317e-06,8.053683730951644e-12,0.482676912099123,0.37411594623699784
dc28e640,/bp1/mrcieu1/users/fu19841/kge/data/non-naive,distmult,0,search,KvsAll,valid,10,,,,mean_reciprocal_rank_filtered_with_test,0.0057538465276103,20,a028375d,512,KvsAll,Adadelta,bce,0.0005339571256835009,7,512,,True,1.2439150337313038e-13,2.7516843238293965e-07,0.22933070734143257,0.1547626000829041
dc28e640,/bp1/mrcieu1/users/fu19841/kge/data/non-naive,distmult,0,search,1vsAll,valid,55,,,,mean_reciprocal_rank_filtered_with_test,0.0101389643971804,21,80a8ed1b,512,1vsAll,Adadelta,bce,0.0023382161295623922,6,128,lp,False,5.2877687172240166e-20,3.125114241701785e-16,0.031088269781321287,0.42075737100094557
dc28e640,/bp1/mrcieu1/users/fu19841/kge/data/non-naive,distmult,0,search,negative_sampling,valid,45,,,,mean_reciprocal_rank_filtered_with_test,0.0003552091120125,22,c8fca333,256,negative_sampling,AdamW,se,0.23868020241312185,10,32,lp,True,1.3234711206723758e-09,0.07597078311506805,0.2766224513761699,0.07785539794713259
dc28e640,/bp1/mrcieu1/users/fu19841/kge/data/non-naive,distmult,0,search,negative_sampling,valid,55,,,,mean_reciprocal_rank_filtered_with_test,0.0480084132658633,23,d9f090d2,128,negative_sampling,AdamW,kl,0.0038870466315273,7,512,,False,1.0886682710054465e-08,5.791789373175164e-16,0.4420330747961998,0.02690413361415267
dc28e640,/bp1/mrcieu1/users/fu19841/kge/data/non-naive,distmult,0,search,KvsAll,valid,55,,,,mean_reciprocal_rank_filtered_with_test,0.0468181916829983,24,578db81d,512,KvsAll,Adamax,kl,0.1439322393851745,3,64,lp,True,4.1951461047697646e-16,5.0851685134605015e-11,0.18769504874944687,0.49505078373476863
dc28e640,/bp1/mrcieu1/users/fu19841/kge/data/non-naive,distmult,0,search,negative_sampling,valid,5,,,,mean_reciprocal_rank_filtered_with_test,0.0081090395958718,25,c3ac6f5f,256,negative_sampling,Adadelta,se,0.02892692511808931,10,32,lp,False,5.579783303890364e-13,6.971416889437347e-20,0.051952611189335585,0.19756896421313286
dc28e640,/bp1/mrcieu1/users/fu19841/kge/data/non-naive,distmult,0,search,KvsAll,valid,55,,,,mean_reciprocal_rank_filtered_with_test,0.0508888130908,26,0a7c8ea3,128,KvsAll,RMSprop,bce,0.00032134722096887675,6,128,lp,True,0.012927683509495155,9.357643990157025e-06,0.2984786140732467,0.2921669874340296
dc28e640,/bp1/mrcieu1/users/fu19841/kge/data/non-naive,distmult,0,search,1vsAll,valid,5,,,,mean_reciprocal_rank_filtered_with_test,0.0081149225813003,27,9f94b267,128,1vsAll,Adamax,se,0.0012750461664525954,4,512,lp,False,0.00031381881436845006,0.001181519724660293,0.08869400573894382,0.3950841440819204
dc28e640,/bp1/mrcieu1/users/fu19841/kge/data/non-naive,distmult,0,search,KvsAll,valid,50,,,,mean_reciprocal_rank_filtered_with_test,0.0292460779640981,28,911e7ed8,256,KvsAll,RMSprop,kl,0.13029118407889578,8,128,,True,8.097010902796418e-16,5.502810389393301e-18,0.3420635755173862,0.11518344981595874
dc28e640,/bp1/mrcieu1/users/fu19841/kge/data/non-naive,distmult,0,search,KvsAll,valid,15,,,,mean_reciprocal_rank_filtered_with_test,0.0088118759859547,29,41e57961,512,KvsAll,Adam,se,0.5533006721864215,5,64,lp,False,3.0731998729284934e-19,7.491072869107242e-08,0.4172586314380169,0.31770212948322296
dc28e640,/bp1/mrcieu1/users/fu19841/kge/data/non-naive,distmult,0,search,negative_sampling,valid,15,,,,mean_reciprocal_rank_filtered_with_test,0.0303058223461524,30,1bd70558,256,negative_sampling,AdamW,kl,0.016961265526797633,9,256,lp,True,1.334091528984385e-10,1.9210387940148395e-12,0.1717020384967327,0.16034655831754208
dc28e640,/bp1/mrcieu1/users/fu19841/kge/data/non-naive,distmult,0,search,1vsAll,valid,25,,,,mean_reciprocal_rank_filtered_with_test,0.0257163209191906,31,d346d50f,256,1vsAll,Adamax,kl,0.8398109899155711,5,256,lp,True,3.093278166473818e-20,0.00015923773927086762,0.282889224588871,0.12470609787851572
dc28e640,/bp1/mrcieu1/users/fu19841/kge/data/non-naive,distmult,0,search,KvsAll,valid,30,,,,mean_reciprocal_rank_filtered_with_test,0.0475940031540248,32,570a91af,512,KvsAll,RMSprop,se,0.008219019398844967,9,32,lp,False,3.1842997132396727e-09,6.754347967448728e-19,0.03635702282190323,0.405092759989202
dc28e640,/bp1/mrcieu1/users/fu19841/kge/data/non-naive,distmult,0,search,negative_sampling,valid,55,,,,mean_reciprocal_rank_filtered_with_test,0.0095780174852087,33,215cf5ea,256,negative_sampling,Adamax,se,0.0019163398503040797,4,64,,True,1.5945279890088385e-05,6.021237594818847e-10,0.20334994373843074,0.17035558121278882
dc28e640,/bp1/mrcieu1/users/fu19841/kge/data/non-naive,distmult,0,search,KvsAll,valid,35,,,,mean_reciprocal_rank_filtered_with_test,0.0321952140816234,34,b5598a5f,128,KvsAll,RMSprop,kl,0.06251003469798942,8,512,lp,False,9.756140257290206e-15,1.6683627447572018e-14,0.4576932149939239,0.32722437242046
dc28e640,/bp1/mrcieu1/users/fu19841/kge/data/non-naive,distmult,0,search,negative_sampling,valid,10,,,,mean_reciprocal_rank_filtered_with_test,0.0076987158269436,35,2a4853d5,128,negative_sampling,Adadelta,se,0.021622954090113725,10,128,lp,True,1.3318203427949028e-11,1.7093577393664184e-11,0.1873607481829822,0.4850416975095868
dc28e640,/bp1/mrcieu1/users/fu19841/kge/data/non-naive,distmult,0,search,KvsAll,valid,20,,,,mean_reciprocal_rank_filtered_with_test,0.011728872780024,36,f34c78c0,256,KvsAll,AdamW,kl,0.0005839150196524983,6,32,lp,False,0.0013012144603825916,1.3889183232369668e-06,0.4329073275439441,0.01738195400685072
dc28e640,/bp1/mrcieu1/users/fu19841/kge/data/non-naive,distmult,0,search,KvsAll,valid,50,,,,mean_reciprocal_rank_filtered_with_test,0.0490659439186877,37,c0e8e99a,512,KvsAll,AdamW,se,0.002934314504224683,7,64,lp,True,1.3117433671631314e-07,1.2262819085713306e-16,0.3264627419412136,0.2826442760415375
dc28e640,/bp1/mrcieu1/users/fu19841/kge/data/non-naive,distmult,0,search,KvsAll,valid,40,,,,mean_reciprocal_rank_filtered_with_test,0.0259012437841703,38,cb669612,128,KvsAll,Adam,bce,0.26415558900643493,3,256,,False,2.1315732441022517e-17,0.018071978057201107,0.07310223206877708,0.1875604116357863
dc28e640,/bp1/mrcieu1/users/fu19841/kge/data/non-naive,distmult,0,search,KvsAll,valid,30,,,,mean_reciprocal_rank_filtered_with_test,0.049403119030176,39,23c9da9d,256,KvsAll,Adam,bce,0.004858867563282263,6,32,lp,True,1.0406849681737527e-18,4.158921521059552e-15,0.14574414817616343,0.14475352503359318
dc28e640,/bp1/mrcieu1/users/fu19841/kge/data/non-naive,distmult,0,search,negative_sampling,valid,45,,,,mean_reciprocal_rank_filtered_with_test,0.0277417604032071,40,91f8bcf1,512,negative_sampling,RMSprop,kl,0.15866015044231116,10,256,lp,False,1.0984016025818046e-10,1.568594945239149e-10,0.39225203124806285,0.3645937852561474
dc28e640,/bp1/mrcieu1/users/fu19841/kge/data/non-naive,distmult,0,search,1vsAll,valid,45,,,,mean_reciprocal_rank_filtered_with_test,0.0471877637155257,41,b30f7b64,512,1vsAll,AdamW,kl,0.03601722334636111,3,512,,True,3.464283473458921e-05,1.1410720602325274e-20,0.34830744564533234,0.06833269773051143
dc28e640,/bp1/mrcieu1/users/fu19841/kge/data/non-naive,distmult,0,search,KvsAll,valid,55,,,,mean_reciprocal_rank_filtered_with_test,0.0124719592955891,42,03e3a24a,128,KvsAll,Adamax,se,0.0003528185274389664,7,64,lp,False,5.211495960563663e-15,2.581077670800373e-06,0.09398563206195831,0.4107488370500505
dc28e640,/bp1/mrcieu1/users/fu19841/kge/data/non-naive,distmult,0,search,1vsAll,valid,40,,,,mean_reciprocal_rank_filtered_with_test,0.056929810486746,43,c61eba56,128,1vsAll,Adamax,kl,0.001157868382015158,9,64,lp,True,4.619776008612101e-13,0.004322217723416456,0.2610291875898838,0.2765138950198889
dc28e640,/bp1/mrcieu1/users/fu19841/kge/data/non-naive,distmult,0,search,KvsAll,valid,15,,,,mean_reciprocal_rank_filtered_with_test,0.0014089338800375,44,d04d2481,256,KvsAll,AdamW,kl,0.10412539035574017,5,256,lp,False,0.043533254077312136,3.3294708411239286e-17,0.015488807111978531,0.24440054595470428
dc28e640,/bp1/mrcieu1/users/fu19841/kge/data/non-naive,distmult,0,search,1vsAll,valid,55,,,,mean_reciprocal_rank_filtered_with_test,0.0618505401434921,45,23853283,512,1vsAll,Adadelta,bce,0.5044306061323526,8,512,lp,True,6.967952673901356e-08,2.4521999272558426e-08,0.24498172802850604,0.44813991291448474
dc28e640,/bp1/mrcieu1/users/fu19841/kge/data/non-naive,distmult,0,search,negative_sampling,valid,55,,,,mean_reciprocal_rank_filtered_with_test,0.0398955907086097,46,1a02c835,256,negative_sampling,Adam,kl,0.013609220242101042,4,128,,False,4.657035946833648e-17,2.6513554269201916e-13,0.4983331779949367,0.04250869294628501
dc28e640,/bp1/mrcieu1/users/fu19841/kge/data/non-naive,distmult,0,search,1vsAll,valid,40,,,,mean_reciprocal_rank_filtered_with_test,0.0107516773547123,47,3f929c10,256,1vsAll,AdamW,bce,0.35051757564405117,8,32,lp,False,1.649580561863062e-15,4.9540399294447906e-08,0.4690563133917749,0.2581124319694936
dc28e640,/bp1/mrcieu1/users/fu19841/kge/data/non-naive,distmult,0,search,KvsAll,valid,25,,,,mean_reciprocal_rank_filtered_with_test,0.0083158899519941,48,bf4ca016,512,KvsAll,Adadelta,se,0.003434068550336485,4,256,lp,True,0.00015569138999832835,7.2477675952287e-13,0.22341627394780517,0.2277105818502605
dc28e640,/bp1/mrcieu1/users/fu19841/kge/data/non-naive,distmult,0,search,negative_sampling,valid,55,,,,mean_reciprocal_rank_filtered_with_test,0.0567728450094589,49,1844f0a2,256,negative_sampling,Adam,kl,0.0007779169530477089,9,512,,False,2.462225846685872e-10,0.00045828756315834037,0.017360886558890343,0.4624553471803665
dc28e640,/bp1/mrcieu1/users/fu19841/kge/data/non-naive,distmult,0,search,1vsAll,valid,50,,,,mean_reciprocal_rank_filtered_with_test,0.0655523059620445,50,39404087,256,1vsAll,Adamax,kl,0.0018715870522350365,9,256,lp,False,4.398882834240557e-12,1.715200138143002e-08,0.36245772534056364,0.06538204911886995
dc28e640,/bp1/mrcieu1/users/fu19841/kge/data/non-naive,distmult,0,search,1vsAll,valid,45,,,,mean_reciprocal_rank_filtered_with_test,0.0655023441058066,51,fdd25356,256,1vsAll,Adamax,kl,0.0019364102927867924,9,256,lp,False,5.703168437184923e-12,7.893330050104731e-09,0.36812890226310013,0.0544364674696471
dc28e640,/bp1/mrcieu1/users/fu19841/kge/data/non-naive,distmult,0,search,1vsAll,valid,55,,,,mean_reciprocal_rank_filtered_with_test,0.0660374064856373,52,cfce4539,256,1vsAll,Adamax,kl,0.002175338227113689,9,256,lp,False,6.918098639078118e-13,1.153230788344433e-07,0.3603057873605159,0.025732501722644678
dc28e640,/bp1/mrcieu1/users/fu19841/kge/data/non-naive,distmult,0,search,1vsAll,valid,55,,,,mean_reciprocal_rank_filtered_with_test,0.065852592294638,53,68d60876,256,1vsAll,Adamax,kl,0.0023201026513913156,9,256,lp,False,4.0272000189245305e-13,2.8069208162756783e-08,0.36468065064076666,0.04620837939172438
dc28e640,/bp1/mrcieu1/users/fu19841/kge/data/non-naive,distmult,0,search,1vsAll,valid,55,,,,mean_reciprocal_rank_filtered_with_test,0.0659679155126295,54,6b873adb,256,1vsAll,Adamax,kl,0.0021372399379778503,9,256,lp,False,1.5698112053804725e-12,6.154641753396845e-08,0.35518635260654935,0.031853732545246816
dc28e640,/bp1/mrcieu1/users/fu19841/kge/data/non-naive,distmult,0,search,1vsAll,valid,50,,,,mean_reciprocal_rank_filtered_with_test,0.0656464739785225,55,f1def979,256,1vsAll,Adamax,kl,0.0018183246252399445,9,256,lp,False,9.324135159569767e-13,1.2621203852926753e-07,0.37131477609424707,0.03578019030412098
dc28e640,/bp1/mrcieu1/users/fu19841/kge/data/non-naive,distmult,0,search,1vsAll,valid,25,,,,mean_reciprocal_rank_filtered_with_test,0.0077875744151118,56,eb363301,256,1vsAll,Adadelta,kl,0.0037342675625829454,9,64,lp,True,0.0005405440041003067,7.560729947796298e-14,0.12893888168036938,0.2412487119436264
dc28e640,/bp1/mrcieu1/users/fu19841/kge/data/non-naive,distmult,0,search,1vsAll,valid,40,,,,mean_reciprocal_rank_filtered_with_test,0.0607025082147869,57,9cace7d1,128,1vsAll,Adamax,kl,0.001314038026855838,9,128,lp,True,7.747528237400238e-13,0.0002072189513742791,0.30817003364615037,0.20908159011478658
dc28e640,/bp1/mrcieu1/users/fu19841/kge/data/non-naive,distmult,0,search,1vsAll,valid,50,,,,mean_reciprocal_rank_filtered_with_test,0.0641676505284356,58,cb93dee8,256,1vsAll,Adamax,kl,0.004741111945972268,9,256,lp,False,1.4416691623284761e-11,1.1206396407497842e-06,0.3790969837528255,0.052629282088298236
dc28e640,/bp1/mrcieu1/users/fu19841/kge/data/non-naive,distmult,0,search,1vsAll,valid,55,,,,mean_reciprocal_rank_filtered_with_test,0.0660770282138904,59,47167b93,256,1vsAll,Adamax,kl,0.002439178758092359,9,256,lp,False,8.129614077562787e-13,5.799547139341208e-08,0.3479436904865699,0.03267544494749165
6e2f1919,/bp1/mrcieu1/users/fu19841/kge/data/non-naive,distmult,0,search,KvsAll,valid,55,,,,mean_reciprocal_rank_filtered_with_test,0.0436016431119436,60,d3282093,512,KvsAll,Adamax,kl,0.42493848365352715,4,512,lp,True,1.5585149760326018e-15,2.287888710066848e-05,0.33112134085968137,0.3303953749127686
6e2f1919,/bp1/mrcieu1/users/fu19841/kge/data/non-naive,distmult,0,search,KvsAll,valid,25,,,,mean_reciprocal_rank_filtered_with_test,0.0613738236162373,61,bec4ca8f,128,KvsAll,Adamax,bce,0.025405283349696887,5,128,lp,True,1.647424910092633e-19,3.691742227537547e-18,0.2708148565143347,0.05560188554227352
6e2f1919,/bp1/mrcieu1/users/fu19841/kge/data/non-naive,distmult,0,search,KvsAll,valid,50,,,,mean_reciprocal_rank_filtered_with_test,0.0426153945403222,62,ddc8f9a5,128,KvsAll,AdamW,kl,0.05350072804763405,3,32,lp,False,2.0702034096197788e-16,9.466619630203991e-20,0.12319380231201649,0.13215091591700912
6e2f1919,/bp1/mrcieu1/users/fu19841/kge/data/non-naive,distmult,0,search,KvsAll,valid,55,,,,mean_reciprocal_rank_filtered_with_test,0.029055763662203,63,a07c20d1,512,KvsAll,Adam,se,0.00144324586706897,7,128,lp,True,2.1826603132484086e-08,2.645978634142437e-05,0.3698194641619921,0.3497954565100372
6e2f1919,/bp1/mrcieu1/users/fu19841/kge/data/non-naive,distmult,0,search,negative_sampling,valid,5,,,,mean_reciprocal_rank_filtered_with_test,0.0335720248638339,64,1a981694,512,negative_sampling,RMSprop,kl,0.007006423156058416,6,256,lp,False,0.006967141915345112,1.6624700530023803e-15,0.3903265758417547,0.08454067632555962
6e2f1919,/bp1/mrcieu1/users/fu19841/kge/data/non-naive,distmult,0,search,KvsAll,valid,40,,,,mean_reciprocal_rank_filtered_with_test,0.0001880132655741,65,cfee7904,128,KvsAll,Adam,kl,0.6300030156885619,10,64,,True,1.0464470217422987e-12,7.103920803340063e-11,0.1358898445032537,0.4296398553997278
6e2f1919,/bp1/mrcieu1/users/fu19841/kge/data/non-naive,distmult,0,search,1vsAll,valid,5,,,,mean_reciprocal_rank_filtered_with_test,0.0579270673300834,66,3a259b45,128,1vsAll,Adamax,kl,0.011640576054521698,7,128,lp,False,6.703928428533879e-14,2.3737610319254847e-16,0.08276389352977276,0.4724352383054793
6e2f1919,/bp1/mrcieu1/users/fu19841/kge/data/non-naive,distmult,0,search,KvsAll,valid,35,,,,mean_reciprocal_rank_filtered_with_test,0.0331583332077545,67,7905d7b6,512,KvsAll,AdamW,kl,0.379758850314278,3,32,lp,True,6.539528308869652e-06,0.026026718877712223,0.32845876924693584,0.002579782623797655
6e2f1919,/bp1/mrcieu1/users/fu19841/kge/data/non-naive,distmult,0,search,KvsAll,valid,55,,,,mean_reciprocal_rank_filtered_with_test,0.0075447313373127,68,5c096fe1,512,KvsAll,RMSprop,se,0.08870830446970138,10,64,,False,6.531084716911293e-10,2.66231137021716e-12,0.41146588092669845,0.2988484678789973
6e2f1919,/bp1/mrcieu1/users/fu19841/kge/data/non-naive,distmult,0,search,negative_sampling,valid,55,,,,mean_reciprocal_rank_filtered_with_test,0.0070042332459819,69,9df03d6a,128,negative_sampling,Adadelta,bce,0.0008682783103212518,6,512,lp,True,1.0601510413282123e-19,2.0769112475271615e-07,0.15795993572100997,0.20644765067845583
6e2f1919,/bp1/mrcieu1/users/fu19841/kge/data/non-naive,distmult,0,search,1vsAll,valid,55,,,,mean_reciprocal_rank_filtered_with_test,0.0504678422905164,70,3b4734c1,128,1vsAll,AdamW,se,0.0004679938718367477,4,256,lp,False,8.651356939388362e-18,4.394417272165523e-09,0.4479628591798246,0.10630085924640298
6e2f1919,/bp1/mrcieu1/users/fu19841/kge/data/non-naive,distmult,0,search,negative_sampling,valid,55,,,,mean_reciprocal_rank_filtered_with_test,0.0189150806061477,71,1d6cd56e,256,negative_sampling,Adadelta,kl,0.042125367441256695,8,64,lp,True,8.915641716716874e-07,9.814372561648845e-14,0.20130048086866736,0.38839899795129895
6e2f1919,/bp1/mrcieu1/users/fu19841/kge/data/non-naive,distmult,0,search,1vsAll,valid,40,,,,mean_reciprocal_rank_filtered_with_test,0.0070357154943529,72,312b993c,512,1vsAll,RMSprop,se,0.21129549582250398,5,128,lp,False,0.004506375630901827,0.0001018410659238115,0.05774509347975254,0.18466718401759863
6e2f1919,/bp1/mrcieu1/users/fu19841/kge/data/non-naive,distmult,0,search,negative_sampling,valid,55,,,,mean_reciprocal_rank_filtered_with_test,0.0580024387729184,73,b11687ab,256,negative_sampling,Adamax,kl,0.00570525751615576,9,512,,True,2.7616208980876515e-12,3.7874458567423004e-19,0.3122214023023844,0.34031371120363474
6e2f1919,/bp1/mrcieu1/users/fu19841/kge/data/non-naive,distmult,0,search,1vsAll,valid,20,,,,mean_reciprocal_rank_filtered_with_test,0.0292499177780714,74,7fb317ce,256,1vsAll,RMSprop,bce,0.04616761846186132,9,256,lp,False,6.707294232435684e-16,1.635756559103518e-20,0.4515611049719155,0.01515266951173544
6e2f1919,/bp1/mrcieu1/users/fu19841/kge/data/non-naive,distmult,0,search,KvsAll,valid,55,,,,mean_reciprocal_rank_filtered_with_test,0.0459856886188751,75,18276c7b,512,KvsAll,AdamW,kl,0.00045226049402925594,5,64,,True,0.00027205284267201924,1.7908072874469388e-06,0.19818676682189107,0.4833010444417596
6e2f1919,/bp1/mrcieu1/users/fu19841/kge/data/non-naive,distmult,0,search,negative_sampling,valid,40,,,,mean_reciprocal_rank_filtered_with_test,0.0424232307682796,76,9ac9a71a,256,negative_sampling,Adam,kl,0.005904097729220823,8,128,lp,False,2.1719093736289741e-10,2.8856088305930354e-15,0.062443881295621395,0.21706931898370385
6e2f1919,/bp1/mrcieu1/users/fu19841/kge/data/non-naive,distmult,0,search,1vsAll,valid,55,,,,mean_reciprocal_rank_filtered_with_test,0.058288702137081,77,37ec6320,128,1vsAll,Adadelta,bce,0.19278342722220027,4,512,lp,True,5.207200673966873e-19,2.2484812259117613e-10,0.3080071499571204,0.31166549073532224
6e2f1919,/bp1/mrcieu1/users/fu19841/kge/data/non-naive,distmult,0,search,KvsAll,valid,50,,,,mean_reciprocal_rank_filtered_with_test,0.0331960813160866,78,777157d9,128,KvsAll,RMSprop,kl,0.40599165280339056,6,256,,False,3.597875376693477e-16,1.700289204670034e-08,0.07818890642374754,0.37558030616492033
6e2f1919,/bp1/mrcieu1/users/fu19841/kge/data/non-naive,distmult,0,search,1vsAll,valid,45,,,,mean_reciprocal_rank_filtered_with_test,0.041669331191667,79,dfd7c7a2,512,1vsAll,Adamax,bce,0.010953313184639834,10,32,lp,True,8.923095790575216e-09,3.803087232180241e-13,0.3325488669797778,0.09568133670836687
6e2f1919,/bp1/mrcieu1/users/fu19841/kge/data/non-naive,distmult,0,search,1vsAll,valid,20,,,,mean_reciprocal_rank_filtered_with_test,0.005797146568227,80,b6d78290,512,1vsAll,Adadelta,bce,0.0009227008850866014,3,64,lp,False,0.022141595816274704,0.006200149922791774,0.40774347679689527,0.32945005083456635
6e2f1919,/bp1/mrcieu1/users/fu19841/kge/data/non-naive,distmult,0,search,KvsAll,valid,25,,,,mean_reciprocal_rank_filtered_with_test,0.0492225431244113,81,29ed58df,128,KvsAll,Adamax,kl,0.08298164888134778,7,512,lp,True,9.180693413262798e-13,2.3085164411851487e-17,0.1611974467523396,0.17209262819960713
6e2f1919,/bp1/mrcieu1/users/fu19841/kge/data/non-naive,distmult,0,search,1vsAll,valid,20,,,,mean_reciprocal_rank_filtered_with_test,0.0532655291414993,82,79332663,256,1vsAll,RMSprop,kl,0.0015308854791589574,10,32,lp,False,7.6413688965466e-14,8.270249115307202e-10,0.12008014973253012,0.22270438447594643
6e2f1919,/bp1/mrcieu1/users/fu19841/kge/data/non-naive,distmult,0,search,KvsAll,valid,50,,,,mean_reciprocal_rank_filtered_with_test,0.0426995122260964,83,b392f9bb,512,KvsAll,AdamW,bce,0.04994096406537334,6,128,,True,2.0577477094506283e-06,1.2081224752012196e-14,0.3734177714213729,0.25530541129410267
6e2f1919,/bp1/mrcieu1/users/fu19841/kge/data/non-naive,distmult,0,search,KvsAll,valid,35,,,,mean_reciprocal_rank_filtered_with_test,0.0051090923550768,84,37ecbee9,512,KvsAll,Adam,se,0.6749512111900653,7,256,lp,False,1.5975552192865576e-09,0.00011530268220641378,0.38611238123849034,0.05255072331055999
6e2f1919,/bp1/mrcieu1/users/fu19841/kge/data/non-naive,distmult,0,search,negative_sampling,valid,50,,,,mean_reciprocal_rank_filtered_with_test,0.0506087763432168,85,0c01461d,128,negative_sampling,Adamax,kl,0.006604911450871733,3,64,lp,True,6.100068094445849e-20,9.27737864392149e-19,0.14058869006112218,0.45769329695031047
6e2f1919,/bp1/mrcieu1/users/fu19841/kge/data/non-naive,distmult,0,search,1vsAll,valid,30,,,,mean_reciprocal_rank_filtered_with_test,0.0298758094682052,86,25742fe0,128,1vsAll,RMSprop,se,0.003560302093828504,5,32,,False,2.7370675069016812e-18,8.873474485388214e-17,0.4731464688666165,0.3545558378100395
6e2f1919,/bp1/mrcieu1/users/fu19841/kge/data/non-naive,distmult,0,search,negative_sampling,valid,40,,,,mean_reciprocal_rank_filtered_with_test,0.0030923598706177,87,38dfe4bb,256,negative_sampling,Adam,bce,0.32048655048489555,9,256,lp,True,1.01073854784679e-06,0.024839193713794665,0.21884134458377957,0.13520422391593456
6e2f1919,/bp1/mrcieu1/users/fu19841/kge/data/non-naive,distmult,0,search,1vsAll,valid,5,,,,mean_reciprocal_rank_filtered_with_test,0.0004507028504271,88,3a75db05,512,1vsAll,Adamax,kl,0.027784159353209038,4,512,lp,False,0.002578925241551674,2.3493930040180536e-11,0.0205984590575099,0.4324490218423307
6e2f1919,/bp1/mrcieu1/users/fu19841/kge/data/non-naive,distmult,0,search,negative_sampling,valid,55,,,,mean_reciprocal_rank_filtered_with_test,0.005866839292467,89,7fe4d1c8,256,negative_sampling,Adadelta,bce,0.0007503815012894206,8,128,lp,True,6.7918830211226746e-12,1.0050956120574628e-06,0.2670925138518214,0.08954520476981997
6e2f1919,/bp1/mrcieu1/users/fu19841/kge/data/non-naive,distmult,0,search,negative_sampling,valid,10,,,,mean_reciprocal_rank_filtered_with_test,0.015912225330137,90,398d0cc7,256,negative_sampling,AdamW,bce,0.11022383902002654,4,64,lp,True,1.3772778096672582e-20,3.816572403488893e-12,0.26524332258850336,0.36764709604904056
6e2f1919,/bp1/mrcieu1/users/fu19841/kge/data/non-naive,distmult,0,search,negative_sampling,valid,55,,,,mean_reciprocal_rank_filtered_with_test,0.0349839695414041,91,9b4c3737,512,negative_sampling,Adamax,kl,0.001078747393750615,8,256,,False,5.081288617944851e-09,1.4411560760616179e-07,0.010789901949465275,0.14951390912756324
6e2f1919,/bp1/mrcieu1/users/fu19841/kge/data/non-naive,distmult,0,search,1vsAll,valid,30,,,,mean_reciprocal_rank_filtered_with_test,0.0238957459755529,92,d7d8fdb5,256,1vsAll,Adam,se,0.01460648427014827,5,512,lp,True,1.2844500332389788e-05,1.6471035714458097e-16,0.24809532100334764,0.41575336270034313
6e2f1919,/bp1/mrcieu1/users/fu19841/kge/data/non-naive,distmult,0,search,KvsAll,valid,15,,,,mean_reciprocal_rank_filtered_with_test,0.000210524659246,93,0f796b53,128,KvsAll,RMSprop,kl,0.47655114920614533,9,128,lp,False,3.3768010004054874e-14,0.037313096819571345,0.4947348111309111,0.07114186137914658
6e2f1919,/bp1/mrcieu1/users/fu19841/kge/data/non-naive,distmult,0,search,1vsAll,valid,5,,,,mean_reciprocal_rank_filtered_with_test,0.0001016680383461,94,7754d7b2,128,1vsAll,AdamW,se,0.16482996679207573,7,32,,True,2.1364299932829366e-11,7.06182641672974e-05,0.1425065160728991,0.24159352807328105
6e2f1919,/bp1/mrcieu1/users/fu19841/kge/data/non-naive,distmult,0,search,KvsAll,valid,55,,,,mean_reciprocal_rank_filtered_with_test,0.0059260600712089,95,7946484a,512,KvsAll,Adadelta,kl,0.004451073921745846,3,128,lp,False,0.0005763261940937399,5.43348144850464e-19,0.39597431430593133,0.27150770043954253
6e2f1919,/bp1/mrcieu1/users/fu19841/kge/data/non-naive,distmult,0,search,KvsAll,valid,25,,,,mean_reciprocal_rank_filtered_with_test,0.0083353898877879,96,9347329f,512,KvsAll,Adamax,se,0.0003851664140930185,10,512,lp,True,4.5164084691757775e-07,6.303850487304845e-09,0.34421723056584597,0.03774663992226124
6e2f1919,/bp1/mrcieu1/users/fu19841/kge/data/non-naive,distmult,0,search,1vsAll,valid,55,,,,mean_reciprocal_rank_filtered_with_test,0.0436376544490708,97,044a34d6,256,1vsAll,Adam,kl,0.03466691113129088,6,64,lp,False,1.7261098227703544e-17,6.805587087867105e-14,0.09856050182133913,0.4450887478888035
6e2f1919,/bp1/mrcieu1/users/fu19841/kge/data/non-naive,distmult,0,search,1vsAll,valid,55,,,,mean_reciprocal_rank_filtered_with_test,0.0458781738276218,98,82f818cf,128,1vsAll,Adamax,bce,0.0006411798590529416,3,128,lp,True,1.2851418975018426e-18,0.000629529662367032,0.18266178155317903,0.39447323651984334
6e2f1919,/bp1/mrcieu1/users/fu19841/kge/data/non-naive,distmult,0,search,negative_sampling,valid,20,,,,mean_reciprocal_rank_filtered_with_test,0.0091303128857523,99,32fc9200,512,negative_sampling,Adadelta,kl,0.020938579408959396,7,32,,False,3.190192259873613e-11,2.673381322675424e-18,0.43712140107527375,0.11188740516081452
